<?xml version="1.0" encoding="UTF-8"?>
<GenRun Id="data_model1_synth_1" LaunchPart="xc7a200tsbg484-1" LaunchTime="1648865280">
  <File Type="PA-TCL" Name="data_model1.tcl"/>
  <File Type="REPORTS-TCL" Name="data_model1_reports.tcl"/>
  <File Type="RDS-RDS" Name="data_model1.vds"/>
  <File Type="RDS-UTIL" Name="data_model1_utilization_synth.rpt"/>
  <File Type="RDS-UTIL-PB" Name="data_model1_utilization_synth.pb"/>
  <File Type="RDS-DCP" Name="data_model1.dcp"/>
  <FileSet Name="sources" Type="BlockSrcs" RelSrcDir="$PSRCDIR/data_model1">
    <File Path="$PSRCDIR/sources_1/ip/data_model1/data_model1.xci">
      <FileInfo>
        <Attr Name="UsedIn" Val="synthesis"/>
        <Attr Name="UsedIn" Val="implementation"/>
        <Attr Name="UsedIn" Val="simulation"/>
      </FileInfo>
    </File>
    <Config>
      <Option Name="TopModule" Val="data_model1"/>
      <Option Name="UseBlackboxStub" Val="1"/>
    </Config>
  </FileSet>
  <FileSet Name="constrs_in" Type="BlockSrcs" RelSrcDir="$PSRCDIR/data_model1">
    <File Path="$PSRCDIR/sources_1/ip/data_model1/data_model1.xci">
      <FileInfo>
        <Attr Name="UsedIn" Val="synthesis"/>
        <Attr Name="UsedIn" Val="implementation"/>
        <Attr Name="UsedIn" Val="simulation"/>
      </FileInfo>
    </File>
    <Config>
      <Option Name="TopModule" Val="data_model1"/>
      <Option Name="UseBlackboxStub" Val="1"/>
    </Config>
  </FileSet>
  <FileSet Name="utils" Type="Utils" RelSrcDir="$PSRCDIR/utils_1">
    <Filter Type="Utils"/>
    <Config>
      <Option Name="TopAutoSet" Val="TRUE"/>
    </Config>
  </FileSet>
  <Strategy Version="1" Minor="2">
    <StratHandle Name="Vivado Synthesis Defaults" Flow="Vivado Synthesis 2019"/>
    <Step Id="synth_design"/>
  </Strategy>
</GenRun>
